product,alt,url
글리터 베어 프린트 이불커버,베어 프린트 이불커버 이미지 01,https://images.unsplash.com/photo-1607110217074-f70b1947a9e2?ixlib=rb-1.2.1&ixid=MnwxMjA3fDB8MHxwaG90by1wYWdlfHx8fGVufDB8fHx8&auto=format&fit=crop&w=2340&q=80
글리터 베어 프린트 이불커버,베어 프린트 이불커버 이미지 02,https://images.unsplash.com/photo-1543346242-2b8e41fb91ca?ixlib=rb-1.2.1&ixid=MnwxMjA3fDB8MHxwaG90by1wYWdlfHx8fGVufDB8fHx8&auto=format&fit=crop&w=2787&q=80
엘리펀트 자수 후드 타월,엘리펀트 자수 타월 이미지 01,https://images.unsplash.com/photo-1608959202013-2627dfa2ebd1?ixlib=rb-1.2.1&ixid=MnwxMjA3fDB8MHxwaG90by1wYWdlfHx8fGVufDB8fHx8&auto=format&fit=crop&w=2340&q=80
엘리펀트 자수 후드 타월,엘리펀트 자수 타월 이미지 02,https://images.unsplash.com/photo-1512475190635-3b6f26557377?ixlib=rb-1.2.1&ixid=MnwxMjA3fDB8MHxwaG90by1wYWdlfHx8fGVufDB8fHx8&auto=format&fit=crop&w=2340&q=80
레더 부티,레더 부티 이미지 01,https://images.unsplash.com/photo-1514999025575-abe7b789a944?ixlib=rb-1.2.1&ixid=MnwxMjA3fDB8MHxwaG90by1wYWdlfHx8fGVufDB8fHx8&auto=format&fit=crop&w=1990&q=80
레더 부티,레더 부티 이미지 02,https://images.unsplash.com/photo-1548246671-c518156dcc6d?ixlib=rb-1.2.1&ixid=MnwxMjA3fDB8MHxwaG90by1wYWdlfHx8fGVufDB8fHx8&auto=format&fit=crop&w=1925&q=80
강아지 쉐이프 실리콘 머그,강아지 머그 이미지 01,https://images.unsplash.com/photo-1607877342097-d5431c3542fa?ixlib=rb-1.2.1&ixid=MnwxMjA3fDB8MHxwaG90by1wYWdlfHx8fGVufDB8fHx8&auto=format&fit=crop&w=987&q=80
강아지 쉐이프 실리콘 머그,강아지 머그 이미지 02,https://images.unsplash.com/photo-1607877742574-a483ae272995?ixlib=rb-1.2.1&ixid=MnwxMjA3fDB8MHxwaG90by1wYWdlfHx8fGVufDB8fHx8&auto=format&fit=crop&w=2475&q=80
로봇 북마크,로봇 북마크 이미지 01,https://images.unsplash.com/photo-1607877342024-27a1ee8b68d4?ixlib=rb-1.2.1&ixid=MnwxMjA3fDB8MHxwaG90by1wYWdlfHx8fGVufDB8fHx8&auto=format&fit=crop&w=987&q=80
로봇 북마크,로봇 북마크 이미지 02,https://images.unsplash.com/photo-1543467214-b247439848dc?ixlib=rb-1.2.1&ixid=MnwxMjA3fDB8MHxwaG90by1wYWdlfHx8fGVufDB8fHx8&auto=format&fit=crop&w=2940&q=80
